model,MAE,WAPE,sMAPE
naive,1.6539166666666665,0.16009260155518984,17.1279779631313
ridge,2.5954468496861924,0.25122900490622324,30.289659638633083
