model,MAE,WAPE,sMAPE
naive,2.045125,0.24763754698418305,26.045110752520955
ridge,2.324265031984235,0.28143770726077366,30.17942122135844
